trajectory,t_last,mB,vB,mF,vF
0,327,1000.0,62500.0,1500.0,185000.0
1,36,1000.0,62500.0,1500.0,185000.0
2,41,1000.0,62500.0,1500.0,185000.0
3,108,1000.0,62500.0,1500.0,185000.0
4,241,1000.0,62500.0,1500.0,185000.0
5,78,1000.0,62500.0,1500.0,185000.0
6,142,1000.0,62500.0,1500.0,185000.0
7,100,1000.0,62500.0,1500.0,185000.0
8,145,1000.0,62500.0,1500.0,185000.0
9,101,1000.0,62500.0,1500.0,185000.0
10,221,1000.0,62500.0,1500.0,185000.0
11,183,1000.0,62500.0,1500.0,185000.0
12,33,1000.0,62500.0,1500.0,185000.0
13,191,1000.0,62500.0,1500.0,185000.0
14,197,1000.0,62500.0,1500.0,185000.0
15,241,1000.0,62500.0,1500.0,185000.0
16,93,1000.0,62500.0,1500.0,185000.0
17,99,1000.0,62500.0,1500.0,185000.0
18,97,1000.0,62500.0,1500.0,185000.0
19,213,1000.0,62500.0,1500.0,185000.0
